customer_account_type,avg_trade_amount,transaction_count
1,29250.822437240735,9113
0,26043.733739066833,887
