day_name,total_trade_amount
2,6.074148518912527E7
4,5.929508948897399E7
1,5.869949108159069E7
0,5.809298904268309E7
3,5.2834481894753695E7
